"","tpr","expansion","conductance","modularity","algorithm","clusters"
"1",0.760869565217391,8.69565217391304,0.60461559741379,0.00684477321084725,"edge.betweenness",4
"2",0.673913043478261,5.04347826086957,0.373134307766482,0.232126544996504,"fastgreedy",4
"3",0.934782608695652,6.73913043478261,0.446390077272577,0.23113227543887,"label.propagation",2
"4",0.760869565217391,3.78260869565217,0.276272047615591,0.231862351278598,"leading.eigenvector",3
"5",0.673913043478261,5.04347826086957,0.373134307766482,0.232126544996503,"multilevel",4
"6",0.782608695652174,6.34782608695652,0.448151509529516,0.0189376701146283,"spinglass",7
"7",0.934782608695652,6.43478260869565,0.421535005278642,0.193562895059586,"walktrap",3
"8",0.956521739130435,0,0,-7.105427357601e-15,"infomap",1
