"","algorithm","clusters","modularity","TPR","expansion","conductance"
"1","edge.betweenness",5,0.401298487836949,0,1.41176470588235,0.18788727612257
"2","fastgreedy",3,0.380670611439842,0,1.11764705882353,0.179411764705882
"3","label.propagation",2,0.371794871794872,0,0.588235294117647,0.0933333333333333
"4","leading.eigenvector",4,0.393408941485865,0,1.52941176470588,0.196543434711346
"5","multilevel",4,0.418803418803419,0,1.23529411764706,0.185412626589097
"6","spinglass",4,0.419789612097304,0,1.23529411764706,0.190916708563767
"7","walktrap",5,0.353221565485001,0,1.88235294117647,0.236772247360483
"8","infomap",3,0.402038132807364,0,0.823529411764706,0.110501581089816
