"","tpr","expansion","conductance","modularity","algortihm","clusters"
"1",0.755555555555556,4.48888888888889,NA,0.27118031526336,"edge.betweenness",13
"2",1,3.51111111111111,0.742927533290487,0.350472895040369,"fastgreedy",3
"3",0.977777777777778,1.2,0.503016591251885,0.221107266435986,"label.propagation",2
"4",0.955555555555556,3.82222222222222,0.828364744703664,0.356324490580546,"leading.eigenvector",4
"5",1,3.06666666666667,0.690705491241624,0.375040369088812,"multilevel",3
"6",0.977777777777778,3.6,NA,0.371510957324106,"spinglass",5
"7",1,3.06666666666667,NA,0.321307182312012,"walktrap",4
"8",1,1.6,NA,0.275586312956555,"infomap",3
