"","tpr","expansion","conductance","modularity","algorithm","clusters","time"
"1",0.755555555555556,4.48888888888889,0.455605462274718,0.27118031526336,"edge.betweenness",13,0.0398790836334229
"2",1,3.51111111111111,0.307265045106772,0.350472895040369,"fastgreedy",3,0.000772953033447266
"3",0.977777777777778,1.2,0.117460317460317,0.221107266435986,"label.propagation",2,0.000364065170288086
"4",0.955555555555556,3.82222222222222,0.356479130518003,0.356324490580546,"leading.eigenvector",4,0.00983810424804688
"5",1,3.06666666666667,0.269663593882879,0.375040369088812,"multilevel",3,0.000457048416137695
"6",1,3.28888888888889,0.302912353347136,0.374163783160323,"spinglass",4,0.247520923614502
"7",1,3.06666666666667,0.295703079264723,0.321307182312012,"walktrap",4,0.0010521411895752
"8",1,1.6,0.166846846846847,0.275586312956555,"infomap",3,0.00307011604309082
