"","algorithm","clusters","modularity","TPR","expansion","conductance"
"1","edge.betweenness",13,0.27118031526336,0.755555555555556,4.48888888888889,NA
"2","fastgreedy",3,0.350472895040369,1,3.51111111111111,0.146829022640542
"3","label.propagation",2,0.239069588619762,1,1.2,0.0428363804212903
"4","leading.eigenvector",4,0.356324490580546,0.955555555555556,3.82222222222222,0.188538011695906
"5","multilevel",3,0.375040369088812,1,3.06666666666667,0.143539087982439
"6","spinglass",4,0.373356401384083,1,3.42222222222222,0.171265016827547
"7","walktrap",4,0.321307182312012,1,3.06666666666667,0.161411446369073
"8","infomap",3,0.275586312956555,1,1.6,0.0881487176746143
