"","algorithm","modularities","TPRs"
"1","edge.betweenness.community",0.113694100006877,0.869565217391304
"2","fastgreedy.community",0.232574504173111,0.673913043478261
"3","label.propagation.community",0.231266650260685,0.934782608695652
"4","leading.eigenvector.community",0.232153137477542,0.760869565217391
"5","multilevel.community",0.23257450417311,0.673913043478261
"6","spinglass.community",0.0166914522314672,0.717391304347826
"7","walktrap.community",0.193872094154358,0.869565217391304
"8","infomap.community",1.99840144432528e-15,0.956521739130435
