"","algorithm","modularities","TPRs"
"1","edge.betweenness.community",0.113694100006877,0.843253968253968
"2","fastgreedy.community",0.232574504173111,0.2421875
"3","label.propagation.community",0.231266650260685,0.932380952380952
"4","leading.eigenvector.community",0.232153137477542,0.324074074074074
"5","multilevel.community",0.23257450417311,0.2421875
"6","spinglass.community",0.0166896054763672,0.193415637860082
"7","walktrap.community",0.193872094154358,0.470833333333333
"8","infomap.community",1.99840144432528e-15,0.956521739130435
