"","tpr","expansion","conductance","modularity","algorithm","clusters"
"1",0,0.40625,0.112653621816815,0.57486919052016,"edge.betweenness",4
"2",0,0.375,0.104345502058917,0.584025854108957,"fastgreedy",4
"3",0,0.46875,0.122489790566108,0.580293936595876,"label.propagation",4
"4",0,0.46875,0.132069912946113,0.552516158818098,"leading.eigenvector",4
"5",0,0.375,0.100266768292683,0.594836872883964,"multilevel",4
"6",0,0.875,0.246353400484908,0.591104955370883,"spinglass",7
"7",0,0.375,0.102620115958531,0.581602036952972,"walktrap",4
"8",0,0.6875,0.204137296365915,0.593297937827024,"infomap",6
