"","tpr","expansion","conductance","modularity","algortihm","clusters"
"1",0.235294117647059,0.392156862745098,NA,0.617628631842744,"edge.betweenness",4
"2",0.235294117647059,0.392156862745098,NA,0.617628631842744,"fastgreedy",4
"3",0.235294117647059,0.941176470588235,NA,0.550473803743441,"label.propagation",7
"4",0.254901960784314,0.431372549019608,NA,0.60251390085363,"leading.eigenvector",4
"5",0.235294117647059,0.392156862745098,NA,0.617628631842744,"multilevel",4
"6",0.235294117647059,0.823529411764706,NA,0.592332993969771,"spinglass",6
"7",0.235294117647059,0.392156862745098,NA,0.617628693580627,"walktrap",4
"8",0.235294117647059,0.392156862745098,NA,0.617628631842744,"infomap",4
