"","tpr","expansion","conductance","modularity","algorithm","clusters"
"1",0.490196078431373,0.666666666666667,0.140920004289608,0.567345213319459,"edge.betweenness",4
"2",0.470588235294118,1.05882352941176,0.220541959200229,0.552549427679501,"fastgreedy",5
"3",0.490196078431373,0.666666666666667,0.140920004289608,0.567345213319459,"label.propagation",4
"4",0.431372549019608,1.33333333333333,0.284039530174945,0.491350156087409,"leading.eigenvector",5
"5",0.490196078431373,0.980392156862745,0.204184883853968,0.570727107180021,"multilevel",5
"6",0.490196078431373,0.980392156862745,0.204184883853968,0.570727107180021,"spinglass",5
"7",0.490196078431373,0.666666666666667,0.140920004289608,0.567345201969147,"walktrap",4
"8",0.490196078431373,0.666666666666667,0.140920004289608,0.567345213319459,"infomap",4
